{"name":"test2","verts":[58.12614440917969,8.452362060546875,0.0,35.48124694824219,-24.520477294921875,0.0,18.126144409179688,8.452362060546875,0.0,18.126144409179688,-25.357086181640625,0.0,-18.126144409179688,-8.452362060546875,0.0,18.126144409179688,8.452362060546875,5.0,35.48124694824219,-24.520477294921875,5.0,58.12614440917969,8.452362060546875,5.0,-18.126144409179688,-8.452362060546875,5.0,18.126144409179688,-25.357086181640625,5.0,26.803695678710938,-24.93878173828125,0.0,26.803695678710938,-24.93878173828125,5.0,21.66010406613916,-8.452362060546875,5.0,21.66010406613916,-8.452362060546875,0.0,22.089688858833327,-17.363919473796777,0.0,22.089688858833327,-17.363919473796777,5.0],"tetIds":[2.0,0.0,12.0,13.0,4.0,2.0,12.0,13.0,1.0,12.0,13.0,14.0,12.0,3.0,13.0,14.0,8.0,2.0,5.0,12.0,12.0,3.0,14.0,15.0,0.0,1.0,12.0,13.0,3.0,4.0,12.0,13.0,11.0,3.0,9.0,15.0,1.0,12.0,14.0,15.0,9.0,3.0,12.0,15.0,0.0,5.0,2.0,12.0,3.0,8.0,9.0,12.0,1.0,6.0,12.0,15.0,6.0,0.0,1.0,12.0,2.0,8.0,4.0,12.0,8.0,3.0,4.0,12.0,0.0,6.0,7.0,12.0,5.0,0.0,7.0,12.0,1.0,11.0,6.0,15.0,3.0,10.0,14.0,15.0,3.0,11.0,10.0,15.0,10.0,1.0,14.0,15.0,11.0,1.0,10.0,15.0],"tetEdgeIds":[0.0,1.0,0.0,2.0,0.0,5.0,0.0,6.0,0.0,7.0,0.0,12.0,0.0,13.0,1.0,6.0,1.0,10.0,1.0,11.0,1.0,12.0,1.0,13.0,1.0,14.0,1.0,15.0,2.0,4.0,2.0,5.0,2.0,8.0,2.0,12.0,2.0,13.0,3.0,4.0,3.0,8.0,3.0,9.0,3.0,10.0,3.0,11.0,3.0,12.0,3.0,13.0,3.0,14.0,3.0,15.0,4.0,8.0,4.0,12.0,4.0,13.0,5.0,7.0,5.0,8.0,5.0,12.0,6.0,7.0,6.0,11.0,6.0,12.0,6.0,15.0,7.0,12.0,8.0,9.0,8.0,12.0,9.0,11.0,9.0,12.0,9.0,15.0,10.0,11.0,10.0,14.0,10.0,15.0,11.0,15.0,12.0,13.0,12.0,14.0,12.0,15.0,13.0,14.0,14.0,15.0],"tetSurfaceTriIds":[0.0,1.0,2.0,2.0,3.0,4.0,1.0,3.0,2.0,5.0,6.0,7.0,8.0,9.0,5.0,5.0,9.0,6.0,0.0,6.0,1.0,0.0,7.0,6.0,2.0,7.0,0.0,2.0,5.0,7.0,4.0,5.0,2.0,4.0,8.0,5.0,3.0,8.0,4.0,3.0,9.0,8.0,1.0,9.0,3.0,1.0,6.0,9.0]}