{"name":"test2","verts":[0.07699999958276749,-0.07699999958276749,1.0,0.5,-0.5,0.0,0.23199999332427979,0.5,0.0,-0.5,-0.23199999332427979,0.0],"tetIds":[0,3,2,1],"tetEdgeIds":[0,1,0,2,0,3,1,2,1,3,2,3],"tetSurfaceTriIds":[0,1,2,2,1,3,2,3,0,3,1,0]}