{"name":"test2","verts":[9.5,-9.5,0.0,9.067000389099121,-9.5,0.25,9.282999992370605,-9.125,0.25,9.717000007629395,-9.875,0.75,9.932999610900879,-9.5,0.75,9.5,-9.5,1.0,9.717000007629395,-9.125,0.75,9.717000007629395,-9.875,0.25,9.932999610900879,-9.5,0.25,9.282999992370605,-9.125,0.75,9.717000007629395,-9.125,0.25,9.067000389099121,-9.5,0.75,9.282999992370605,-9.875,0.25,9.282999992370605,-9.875,0.75],"tetIds":[2,6,1,10,8,3,1,7,3,1,11,4,2,6,9,1,8,3,4,1,13,1,11,3,13,1,3,12,10,1,0,8,11,3,5,13,6,1,10,4,11,3,4,5,9,1,4,11,1,4,8,10,9,4,5,11,6,1,4,9,4,9,5,6,10,2,0,1,0,12,7,1,0,1,7,8,1,3,12,7],"tetEdgeIds":[0,1,0,2,0,7,0,8,0,10,0,12,1,2,1,3,1,4,1,6,1,7,1,8,1,9,1,10,1,11,1,12,1,13,2,6,2,9,2,10,3,4,3,5,3,7,3,8,3,11,3,12,3,13,4,5,4,6,4,8,4,9,4,10,4,11,5,6,5,9,5,11,5,13,6,9,6,10,7,8,7,12,8,10,9,11,11,13,12,13],"tetSurfaceTriIds":[0,1,2,3,4,5,4,6,5,7,8,4,7,4,3,6,9,5,8,10,6,8,6,4,10,2,9,10,9,6,2,1,11,2,11,9,9,11,5,1,0,12,1,12,13,1,13,11,0,7,12,12,7,3,12,3,13,11,13,5,13,3,5,0,8,7,0,10,8,0,2,10]}