{"name":"test2","verts":[0.1057962104678154,0.6000000238418579,0.7942038178443909,0.1057962104678154,0.6000000238418579,0.10579618066549301,0.0,0.0,0.8999999761581421,0.0,0.0,0.0,0.4942038357257843,0.6000000238418579,0.7942038178443909,0.6000000238418579,0.0,0.8999999761581421,0.4942038357257843,0.6000000238418579,0.10579618066549301,0.6000000238418579,0.0,0.0],"tetIds":[2,7,1,5,0,5,2,1,5,0,6,1,4,0,6,5,1,5,7,6,2,7,3,1],"tetEdgeIds":[0,1,0,2,0,4,0,5,0,6,1,2,1,3,1,5,1,6,1,7,2,3,2,5,2,7,3,7,4,5,4,6,5,6,5,7,6,7],"tetSurfaceTriIds":[0,1,2,2,1,3,4,0,5,5,0,2,6,4,7,7,4,5,1,6,3,3,6,7,4,6,0,0,6,1,7,5,3,3,5,2]}